<?xml version="1.0" encoding="UTF-8"?>
<project-private xmlns="http://www.netbeans.org/ns/project-private/1">
    <editor-bookmarks xmlns="http://www.netbeans.org/ns/editor-bookmarks/2" lastBookmarkId="0"/>
    <open-files xmlns="http://www.netbeans.org/ns/projectui-open-files/2">
        <group>
            <file>file:/C:/Users/manue/OneDrive/Escritorio/UMG%203/Progra%201/tareas/sistema%20bancario/src/sistema/bancario/CuentaBancaria.java</file>
            <file>file:/C:/Users/manue/OneDrive/Escritorio/UMG%203/Progra%201/tareas/sistema%20bancario/src/sistema/bancario/Cliente.java</file>
            <file>file:/C:/Users/manue/OneDrive/Escritorio/UMG%203/Progra%201/tareas/sistema%20bancario/src/sistema/bancario/Banco.java</file>
            <file>file:/C:/Users/manue/OneDrive/Escritorio/UMG%203/Progra%201/tareas/sistema%20bancario/src/sistema/bancario/SistemaBancario.java</file>
        </group>
    </open-files>
</project-private>
